food_name_fake,food_name,food_group_fake,food_group,default_days_to_exp
Cranberry,cranberry, Fruit, fruit,10
Apple cider,apple cider,Beverage,beverage,
Ayran,ayran,Beverage,beverage,
Beer,beer,Beverage,beverage,
Berry wine,berry wine,Beverage,beverage,
Cocktail,cocktail,Beverage,beverage,
Doogh,doogh,Beverage,beverage,
Eggnog,eggnog,Beverage,beverage,
Energy drink,energy drink,Beverage,beverage,
Fortified wine,fortified wine,Beverage,beverage,
Fruit juice,fruit juice,Beverage,beverage,
Gin,gin,Beverage,beverage,
Grape wine,grape wine,Beverage,beverage,
Greenthread tea,greenthread tea,Beverage,beverage,
Hibiscus tea,hibiscus tea,Beverage,beverage,
Horchata,horchata,Beverage,beverage,
Liquor,liquor,Beverage,beverage,
Madeira wine,madeira wine,Beverage,beverage,
Other wine,other wine,Beverage,beverage,
Port wine,port wine,Beverage,beverage,
Rum,rum,Beverage,beverage,
Sake,sake,Beverage,beverage,
Sherry,sherry,Beverage,beverage,
Soft drink,soft drink,Beverage,beverage,
Spirit,spirit,Beverage,beverage,
Tea,tea,Beverage,beverage,
Vegetable juice,vegetable juice,Beverage,beverage,
Vermouth,vermouth,Beverage,beverage,
Vodka,vodka,Beverage,beverage,
Water,water,Beverage,beverage,
Whisky,whisky,Beverage,beverage,
American Cheese,american cheese,Dairy,dairy,60
Bleu Cheese,bleu cheese,Dairy,dairy,30
Brie Cheese,brie cheese,Dairy,dairy,14
Butter,butter,Dairy,dairy,90
Buttermilk,buttermilk,Dairy,dairy,14
Camembert Cheese,camembert cheese,Dairy,dairy,30
Casein,casein,Dairy,dairy,
Cheddar Cheese,cheddar cheese,Dairy,dairy,60
Cheese,cheese,Dairy,dairy,21
Colby-Jack Cheese,colby-jack cheese,Dairy,dairy,60
Comte Cheese,comte cheese,Dairy,dairy,60
Condensed milk,condensed milk,Dairy,dairy,
Cottage Cheese,cottage cheese,Dairy,dairy,10
Cream,cream,Dairy,dairy,14
Cream Cheese,cream cheese,Dairy,dairy,10
Curd,curd,Dairy,dairy,14
Epoisses Cheese,epoisses cheese,Dairy,dairy,10
Evaporated milk,evaporated milk,Dairy,dairy,
Farmer Cheese,farmer cheese,Dairy,dairy,5
Feta Cheese,feta cheese,Dairy,dairy,30
Ghee,ghee,Dairy,dairy,
Goat Cheese,goat cheese,Dairy,dairy,14
Gorgonzola Cheese,gorgonzola cheese,Dairy,dairy,21
Gouda Cheese,gouda cheese,Dairy,dairy,21
Gruyere,gruyere,Dairy,dairy,30
Havarti Cheese,havarti cheese,Dairy,dairy,21
Kefir,kefir,Dairy,dairy,14
Manchego Cheese,manchego cheese,Dairy,dairy,30
Mascarpone Cheese,mascarpone cheese,Dairy,dairy,10
Mexican Blend Cheese,mexican blend cheese,Dairy,dairy,14
Milk,milk,Dairy,dairy,14
Montery Jack Cheese,montery jack cheese,Dairy,dairy,60
Mozzerella Cheese,mozzerella cheese,Dairy,dairy,21
Muenster Cheese,muenster cheese,Dairy,dairy,21
Paneer,paneer,Dairy,dairy,3
Parmesan Cheese,parmesan cheese,Dairy,dairy,60
Pecorino Romano Cheese,pecorino romano cheese,Dairy,dairy,60
Pepperjack Cheese,pepperjack cheese,Dairy,dairy,60
Provolone Cheese,provolone cheese,Dairy,dairy,21
Queso Cheese,queso cheese,Dairy,dairy,14
Ricotta Cheese,ricotta cheese,Dairy,dairy,21
Roquefort Cheese,roquefort cheese,Dairy,dairy,30
Sour Cream,sour cream,Dairy,dairy,21
String Cheese,string cheese,Dairy,dairy,14
Swiss Cheese,swiss cheese,Dairy,dairy,30
Whipped Cream,whipped cream,Dairy,dairy,14
Yogurt,yogurt,Dairy,dairy,14
Arepa,arepa,Dish,dish,4
Baked beans,baked beans,Dish,dish,4
Baked potato,baked potato,Dish,dish,4
Breakfast sandwich,breakfast sandwich,Dish,dish,4
Burrito,burrito,Dish,dish,4
Chili,chili,Dish,dish,4
Chimichanga,chimichanga,Dish,dish,4
Cold cut,cold cut,Dish,dish,4
Couscous,couscous,Dish,dish,4
Dumpling,dumpling,Dish,dish,4
Egg roll,egg roll,Dish,dish,4
Empanada,empanada,Dish,dish,4
Enchilada,enchilada,Dish,dish,4
Falafel,falafel,Dish,dish,4
Fish burger,fish burger,Dish,dish,4
Frybread,frybread,Dish,dish,4
Gefilte fish,gefilte fish,Dish,dish,4
Hamburger,hamburger,Dish,dish,4
Hot dog,hot dog,Dish,dish,4
Hummus,hummus,Dish,dish,14
Hushpuppy,hushpuppy,Dish,dish,4
Lasagna,lasagna,Dish,dish,4
Macaroni and cheese,macaroni and cheese,Dish,dish,4
Meatball,meatball,Dish,dish,4
Meatloaf,meatloaf,Dish,dish,4
Nachos,nachos,Dish,dish,4
Other dish,other dish,Dish,dish,4
Other pasta dish,other pasta dish,Dish,dish,4
Other sandwich,other sandwich,Dish,dish,4
Pancake,pancake,Dish,dish,4
Pate,pate,Dish,dish,4
Pizza,pizza,Dish,dish,4
Pot pie,pot pie,Dish,dish,4
Potato gratin,potato gratin,Dish,dish,4
Potato puffs,potato puffs,Dish,dish,4
Pupusa,pupusa,Dish,dish,4
Quesadilla,quesadilla,Dish,dish,4
Ravioli,ravioli,Dish,dish,4
Rice cake,rice cake,Dish,dish,4
Salad,salad,Dish,dish,4
Sausage,sausage,Dish,dish,4
Scrapple,scrapple,Dish,dish,4
Soup,soup,Dish,dish,4
Stew,stew,Dish,dish,4
Succotash,succotash,Dish,dish,4
Taco,taco,Dish,dish,4
Tamale,tamale,Dish,dish,4
Tostada,tostada,Dish,dish,4
Vegetarian food,vegetarian food,Dish,dish,4
Veggie burger,veggie burger,Dish,dish,4
Waffle,waffle,Dish,dish,4
Abiyuch,abiyuch,Fruit,fruit,10
Acerola,acerola,Fruit,fruit,10
Alaska blueberry,alaska blueberry,Fruit,fruit,10
American cranberry,american cranberry,Fruit,fruit,10
Apple,apple,Fruit,fruit,10
Apricot,apricot,Fruit,fruit,10
Arctic blackberry,arctic blackberry,Fruit,fruit,10
Asian pear,asian pear,Fruit,fruit,10
Banana,banana,Fruit,fruit,10
Bayberry,bayberry,Fruit,fruit,10
Bilberry,bilberry,Fruit,fruit,10
Bitter gourd,bitter gourd,Fruit,fruit,5
Black chokeberry,black chokeberry,Fruit,fruit,10
Black crowberry,black crowberry,Fruit,fruit,10
Black elderberry,black elderberry,Fruit,fruit,10
Black huckleberry,black huckleberry,Fruit,fruit,10
Black mulberry,black mulberry,Fruit,fruit,10
Black raspberry,black raspberry,Fruit,fruit,10
Blackberry,blackberry,Fruit,fruit,10
Blackcurrant,blackcurrant,Fruit,fruit,10
Blueberry,blueberry,Fruit,fruit,10
Bog bilberry,bog bilberry,Fruit,fruit,10
Boysenberry,boysenberry,Fruit,fruit,10
Breadfruit,breadfruit,Fruit,fruit,10
Buffalo currant,buffalo currant,Fruit,fruit,10
Butternut squash,butternut squash,Fruit,fruit,90
Canada blueberry,canada blueberry,Fruit,fruit,10
Cantelope,cantelope,Fruit,fruit,10
Cascade huckleberry,cascade huckleberry,Fruit,fruit,10
Chayote,chayote,Fruit,fruit,7
Cherimoya,cherimoya,Fruit,fruit,10
Cherry,cherry,Fruit,fruit,10
Chinese bayberry,chinese bayberry,Fruit,fruit,10
Citrus,citrus,Fruit,fruit,10
Clementine,clementine,Fruit,fruit,10
Cloudberry,cloudberry,Fruit,fruit,10
Coconut,coconut,Fruit,fruit,10
Common chokecherry,common chokecherry,Fruit,fruit,10
Common grape,common grape,Fruit,fruit,10
Common persimmon,common persimmon,Fruit,fruit,10
Crab apple,crab apple,Fruit,fruit,10
Cucumber,cucumber,Fruit,fruit,10
Custard apple,custard apple,Fruit,fruit,10
Date,date,Fruit,fruit,10
Deerberry,deerberry,Fruit,fruit,10
Durian,durian,Fruit,fruit,10
Elderberry,elderberry,Fruit,fruit,10
Elliott's blueberry,elliott's blueberry,Fruit,fruit,10
European cranberry,european cranberry,Fruit,fruit,10
European plum,european plum,Fruit,fruit,10
Evergreen huckleberry,evergreen huckleberry,Fruit,fruit,10
Feijoa,feijoa,Fruit,fruit,10
Fig,fig,Fruit,fruit,10
Fox grape,fox grape,Fruit,fruit,10
French plantain,french plantain,Fruit,fruit,10
Fruit preserve,fruit preserve,Fruit,fruit,10
Fruit salad,fruit salad,Fruit,fruit,10
Fruits,fruits,Fruit,fruit,10
Gooseberry,gooseberry,Fruit,fruit,10
Gourd,gourd,Fruit,fruit,5
Grape,grape,Fruit,fruit,10
Grapefruit,grapefruit,Fruit,fruit,10
Guava,guava,Fruit,fruit,10
Half-highbush blueberry,half-highbush blueberry,Fruit,fruit,10
Highbush blueberry,highbush blueberry,Fruit,fruit,10
Honeydew melon,honeydew melon,Fruit,fruit,10
Horned melon,horned melon,Fruit,fruit,90
Huckleberry,huckleberry,Fruit,fruit,10
Jackfruit,jackfruit,Fruit,fruit,10
Japanese persimmon,japanese persimmon,Fruit,fruit,10
Java plum,java plum,Fruit,fruit,10
Jostaberry,jostaberry,Fruit,fruit,10
Jujube,jujube,Fruit,fruit,10
Kiwi,kiwi,Fruit,fruit,10
Kumquat,kumquat,Fruit,fruit,10
Lemon,lemon,Fruit,fruit,10
Lichee,lichee,Fruit,fruit,10
Lime,lime,Fruit,fruit,10
Lingonberry,lingonberry,Fruit,fruit,10
Loganberry,loganberry,Fruit,fruit,10
Longan,longan,Fruit,fruit,10
Loquat,loquat,Fruit,fruit,10
Lowbush blueberry,lowbush blueberry,Fruit,fruit,10
Malabar plum,malabar plum,Fruit,fruit,10
Mamey sapote,mamey sapote,Fruit,fruit,10
Mammee apple,mammee apple,Fruit,fruit,10
Mandarin orange,mandarin orange,Fruit,fruit,10
Mango,mango,Fruit,fruit,10
Medlar,medlar,Fruit,fruit,10
Mulberry,mulberry,Fruit,fruit,10
Muscadine grape,muscadine grape,Fruit,fruit,10
Nance,nance,Fruit,fruit,10
Nanking cherry,nanking cherry,Fruit,fruit,10
Naranjilla,naranjilla,Fruit,fruit,10
Natal plum,natal plum,Fruit,fruit,10
Nectarine,nectarine,Fruit,fruit,10
Ohelo berry,ohelo berry,Fruit,fruit,10
Oval-leaf huckleberry,oval-leaf huckleberry,Fruit,fruit,10
Papaya,papaya,Fruit,fruit,10
Passion fruit,passion fruit,Fruit,fruit,10
Peach,peach,Fruit,fruit,10
Pear,pear,Fruit,fruit,10
Persian lime,persian lime,Fruit,fruit,10
Persimmon,persimmon,Fruit,fruit,10
Pineapple,pineapple,Fruit,fruit,10
Pitanga,pitanga,Fruit,fruit,10
Plains prickly pear,plains prickly pear,Fruit,fruit,10
Plum,plum,Fruit,fruit,10
Pomegranate,pomegranate,Fruit,fruit,10
Pomes,pomes,Fruit,fruit,10
Prickly pear,prickly pear,Fruit,fruit,10
Pummelo,pummelo,Fruit,fruit,10
Pumpkin,pumpkin,Fruit,fruit,90
Purple mangosteen,purple mangosteen,Fruit,fruit,10
Quince,quince,Fruit,fruit,10
Rambutan,rambutan,Fruit,fruit,10
Raspberry,raspberry,Fruit,fruit,10
Red huckleberry,red huckleberry,Fruit,fruit,10
Red raspberry,red raspberry,Fruit,fruit,10
Redcurrant,redcurrant,Fruit,fruit,10
Rowanberry,rowanberry,Fruit,fruit,10
Salmonberry,salmonberry,Fruit,fruit,10
Sapodilla,sapodilla,Fruit,fruit,10
Saskatoon berry,saskatoon berry,Fruit,fruit,10
Sea-buckthornberry,sea-buckthornberry,Fruit,fruit,10
Skunk currant,skunk currant,Fruit,fruit,10
Sour cherry,sour cherry,Fruit,fruit,10
Soursop,soursop,Fruit,fruit,10
Sparkleberry,sparkleberry,Fruit,fruit,10
Squash,squash,Fruit,fruit,60
Squashberry,squashberry,Fruit,fruit,10
Star fruit,star fruit,Fruit,fruit,10
Strawberry,strawberry,Fruit,fruit,10
Strawberry guava,strawberry guava,Fruit,fruit,10
Sugar apple,sugar apple,Fruit,fruit,10
Summer grape,summer grape,Fruit,fruit,10
Sunburst squash,sunburst squash,Fruit,fruit,5
Sweet cherry,sweet cherry,Fruit,fruit,10
Sweet orange,sweet orange,Fruit,fruit,10
Sweet rowanberry,sweet rowanberry,Fruit,fruit,10
Tamarind,tamarind,Fruit,fruit,10
Tangerine,tangerine,Fruit,fruit,10
Tinda,tinda,Fruit,fruit,90
Watermelon,watermelon,Fruit,fruit,10
Wax apple,wax apple,Fruit,fruit,10
Wax gourd,wax gourd,Fruit,fruit,90
Winter squash,winter squash,Fruit,fruit,90
Zucchini,zucchini,Fruit,fruit,14
Annual wild rice,annual wild rice,Grain,grain,
Bagel,bagel,Grain,grain,
Barley,barley,Grain,grain,
Biscuit,biscuit,Grain,grain,
Breakfast cereal,breakfast cereal,Grain,grain,
Bulgur,bulgur,Grain,grain,
Cereals and cereal products,cereals and cereal products,Grain,grain,
Common buckwheat,common buckwheat,Grain,grain,
Common wheat,common wheat,Grain,grain,
Corn,corn,Grain,grain,
Corn grits,corn grits,Grain,grain,
Cornbread,cornbread,Grain,grain,
Crisp bread,crisp bread,Grain,grain,
Dough,dough,Grain,grain,
Flour,flour,Grain,grain,
Focaccia,focaccia,Grain,grain,
French toast,french toast,Grain,grain,
Hard wheat,hard wheat,Grain,grain,
Millet,millet,Grain,grain,
Multigrain bread,multigrain bread,Grain,grain,
Oat,oat,Grain,grain,
Oat bread,oat bread,Grain,grain,
Oriental wheat,oriental wheat,Grain,grain,
Pan dulce,pan dulce,Grain,grain,
Pasta,pasta,Grain,grain,
Piki bread,piki bread,Grain,grain,
Pita bread,pita bread,Grain,grain,
Potato bread,potato bread,Grain,grain,
Quinoa,quinoa,Grain,grain,
Raisin bread,raisin bread,Grain,grain,
Red rice,red rice,Grain,grain,
Rice,rice,Grain,grain,
Rice bread,rice bread,Grain,grain,
Rye,rye,Grain,grain,
Rye bread,rye bread,Grain,grain,
Semolina,semolina,Grain,grain,
Sorghum,sorghum,Grain,grain,
Sourdough,sourdough,Grain,grain,
Spelt,spelt,Grain,grain,
Tartary buckwheat,tartary buckwheat,Grain,grain,
Tortilla,tortilla,Grain,grain,
Triticale,triticale,Grain,grain,
Wheat,wheat,Grain,grain,
Wheat bread,wheat bread,Grain,grain,
Wild rice,wild rice,Grain,grain,
Zwieback,zwieback,Grain,grain,
Baby food,baby food,Other,other,
Adobo,adobo,Other,other,
Alfalfa,alfalfa,Other,other,
Allspice,allspice,Other,other,
Amaranth,amaranth,Other,other,
Angelica,angelica,Other,other,
Anise,anise,Other,other,
Arabica coffee,arabica coffee,Other,other,
Avocado Oil,avocado oil,Other,other,
Babassu palm,babassu palm,Other,other,
Borage,borage,Other,other,
Breadnut tree seed,breadnut tree seed,Other,other,
Butter substitute,butter substitute,Other,other,
Canola,canola,Other,other,
Capers,capers,Other,other,
Caraway,caraway,Other,other,
Cardamom,cardamom,Other,other,
Celery leaves,celery leaves,Other,other,
Chervil,chervil,Other,other,
Chia,chia,Other,other,
Chinese chives,chinese chives,Other,other,
Chives,chives,Other,other,
Chocolate,chocolate,Other,other,
Cinnamon,cinnamon,Other,other,
Cloves,cloves,Other,other,
Cocoa bean,cocoa bean,Other,other,
Cocoa butter,cocoa butter,Other,other,
Cocoa liquor,cocoa liquor,Other,other,
Cocoa powder,cocoa powder,Other,other,
Coffee,coffee,Other,other,
Coffee mocha,coffee mocha,Other,other,
Coffee substitute,coffee substitute,Other,other,
Cooking oil,cooking oil,Other,other,
Coriander,coriander,Other,other,
Cornmint,cornmint,Other,other,
Cottonseed,cottonseed,Other,other,
Cream substitute,cream substitute,Other,other,
Cumin,cumin,Other,other,
Curry powder,curry powder,Other,other,
Dandelion,dandelion,Other,other,
Dill,dill,Other,other,
Dock,dock,Other,other,
Dripping,dripping,Other,other,
Edible shell,edible shell,Other,other,
Egg substitute,egg substitute,Other,other,
Epazote,epazote,Other,other,
Evening primrose,evening primrose,Other,other,
Fennel,fennel,Other,other,
Fenugreek,fenugreek,Other,other,
Fireweed,fireweed,Other,other,
Flaxseed,flaxseed,Other,other,
Garlic,garlic,Other,other,
Gelatin,gelatin,Other,other,
German camomile,german camomile,Other,other,
Ginger,ginger,Other,other,
Ginkgo nuts,ginkgo nuts,Other,other,
Ginseng,ginseng,Other,other,
Ground Pepper,ground pepper,Other,other,
Hedge mustard,hedge mustard,Other,other,
Honey,honey,Other,other,
Horseradish,horseradish,Other,other,
Hot chocolate,hot chocolate,Other,other,
Hyssop,hyssop,Other,other,
Ice cream cone,ice cream cone,Other,other,
Italian oregano,italian oregano,Other,other,
Ketchup,ketchup,Other,other,
Lard,lard,Other,other,
Leavening agent,leavening agent,Other,other,
Lemon balm,lemon balm,Other,other,
Lemon grass,lemon grass,Other,other,
Lemon thyme,lemon thyme,Other,other,
Lemon verbena,lemon verbena,Other,other,
Linden,linden,Other,other,
Lotus,lotus,Other,other,
Lovage,lovage,Other,other,
Margarine,margarine,Other,other,
Meat bouillon,meat bouillon,Other,other,
Mexican oregano,mexican oregano,Other,other,
Milk substitute,milk substitute,Other,other,
Mint,mint,Other,other,
Miso,miso,Other,other,
Molasses,molasses,Other,other,
Mugwort,mugwort,Other,other,
Mustard,mustard,Other,other,
Nutmeg,nutmeg,Other,other,
Oil palm,oil palm,Other,other,
Oil-seed Camellia,oil-seed camellia,Other,other,
Olive Oil,olive oil,Other,other,
Opium poppy,opium poppy,Other,other,
Orange mint,orange mint,Other,other,
Oregano,oregano,Other,other,
Parsley,parsley,Other,other,
Pectin,pectin,Other,other,
Peppermint,peppermint,Other,other,
Phyllo dough,phyllo dough,Other,other,
Pie crust,pie crust,Other,other,
Pie filling,pie filling,Other,other,
Pineappple sage,pineappple sage,Other,other,
Poppy,poppy,Other,other,
Pot marjoram,pot marjoram,Other,other,
Purslane,purslane,Other,other,
Relish,relish,Other,other,
Remoulade,remoulade,Other,other,
Robusta coffee,robusta coffee,Other,other,
Roman camomile,roman camomile,Other,other,
Rose hip,rose hip,Other,other,
Roselle,roselle,Other,other,
Rosemary,rosemary,Other,other,
Rowal,rowal,Other,other,
Safflower,safflower,Other,other,
Saffron,saffron,Other,other,
Sage,sage,Other,other,
Sago palm,sago palm,Other,other,
Salad dressing,salad dressing,Other,other,
Salt,salt,Other,other,
Sauce,sauce,Other,other,
Sesame,sesame,Other,other,
Sesame Oil,sesame oil,Other,other,
Shea tree,shea tree,Other,other,
Shortening,shortening,Other,other,
Silver linden,silver linden,Other,other,
Small-leaf linden,small-leaf linden,Other,other,
Soft-necked garlic,soft-necked garlic,Other,other,
Sorrel,sorrel,Other,other,
Sourdock,sourdock,Other,other,
Soy sauce,soy sauce,Other,other,
Spearmint,spearmint,Other,other,
Spirulina,spirulina,Other,other,
Spread,spread,Other,other,
Star anise,star anise,Other,other,
Stuffing,stuffing,Other,other,
Sugar,sugar,Other,other,
Sugar substitute,sugar substitute,Other,other,
Summer savory,summer savory,Other,other,
Sunflower,sunflower,Other,other,
Sweet basil,sweet basil,Other,other,
Sweet bay,sweet bay,Other,other,
Sweet marjoram,sweet marjoram,Other,other,
Syrup,syrup,Other,other,
Tallow,tallow,Other,other,
Tapioca pearl,tapioca pearl,Other,other,
Tarragon,tarragon,Other,other,
Tea leaf willow,tea leaf willow,Other,other,
Teff,teff,Other,other,
Thyme,thyme,Other,other,
Topping,topping,Other,other,
Turmeric,turmeric,Other,other,
Turnip,turnip,Other,other,
Ucuhuba,ucuhuba,Other,other,
Vanilla,vanilla,Other,other,
Verbena,verbena,Other,other,
Vinegar,vinegar,Other,other,
Wasabi,wasabi,Other,other,
Watercress,watercress,Other,other,
Welsh onion,welsh onion,Other,other,
White mustard,white mustard,Other,other,
Wild celery,wild celery,Other,other,
Winter savory,winter savory,Other,other,
Wonton wrapper,wonton wrapper,Other,other,
Yellow pond-lily,yellow pond-lily,Other,other,
Abalone,abalone,Protein,protein,2
Acorn,acorn,Protein,protein,
Adzuki bean,adzuki bean,Protein,protein,
Alaska blackfish,alaska blackfish,Protein,protein,2
Alaska pollock,alaska pollock,Protein,protein,2
Albacore tuna,albacore tuna,Protein,protein,2
Almond,almond,Protein,protein,
American butterfish,american butterfish,Protein,protein,2
American lobster,american lobster,Protein,protein,2
American shad,american shad,Protein,protein,2
Anchovy,anchovy,Protein,protein,2
Antelope,antelope,Protein,protein,4
Arctic ground squirrel,arctic ground squirrel,Protein,protein,4
Ascidians,ascidians,Protein,protein,2
Atlantic cod,atlantic cod,Protein,protein,2
Atlantic croaker,atlantic croaker,Protein,protein,2
Atlantic halibut,atlantic halibut,Protein,protein,2
Atlantic herring,atlantic herring,Protein,protein,2
Atlantic mackerel,atlantic mackerel,Protein,protein,2
Atlantic menhaden,atlantic menhaden,Protein,protein,2
Atlantic pollock,atlantic pollock,Protein,protein,2
Atlantic salmon,atlantic salmon,Protein,protein,2
Atlantic wolffish,atlantic wolffish,Protein,protein,2
Bass,bass,Protein,protein,2
Bearded seal,bearded seal,Protein,protein,2
Beaver,beaver,Protein,protein,4
Beech nut,beech nut,Protein,protein,
Beef,beef,Protein,protein,4
Beefalo,beefalo,Protein,protein,4
Beluga whale,beluga whale,Protein,protein,2
Bison,bison,Protein,protein,4
Black bear,black bear,Protein,protein,4
Black walnut,black walnut,Protein,protein,
Black-eyed pea,black-eyed pea,Protein,protein,
Blue crab,blue crab,Protein,protein,2
Blue mussel,blue mussel,Protein,protein,2
Blue whiting,blue whiting,Protein,protein,2
Bluefish,bluefish,Protein,protein,2
Bonito,bonito,Protein,protein,2
Bowhead whale,bowhead whale,Protein,protein,2
Brazil nut,brazil nut,Protein,protein,
Broad bean,broad bean,Protein,protein,
Broad whitefish,broad whitefish,Protein,protein,2
Brown bear,brown bear,Protein,protein,4
Buffalo,buffalo,Protein,protein,4
Burbot,burbot,Protein,protein,2
Butternut,butternut,Protein,protein,
Caribou,caribou,Protein,protein,4
Carp bream,carp bream,Protein,protein,2
Cashew nut,cashew nut,Protein,protein,
Catfish,catfish,Protein,protein,2
Catjang pea,catjang pea,Protein,protein,
Channel catfish,channel catfish,Protein,protein,2
Charr,charr,Protein,protein,2
Chestnut,chestnut,Protein,protein,
Chicken,chicken,Protein,protein,2
Chickpea,chickpea,Protein,protein,
Chinese chestnut,chinese chestnut,Protein,protein,
Chinook salmon,chinook salmon,Protein,protein,2
Chum salmon,chum salmon,Protein,protein,2
Cisco,cisco,Protein,protein,2
Clam,clam,Protein,protein,2
Clawed lobster,clawed lobster,Protein,protein,2
Climbing bean,climbing bean,Protein,protein,
Coalfish pollock,coalfish pollock,Protein,protein,2
Code,code,Protein,protein,2
Coho salmon,coho salmon,Protein,protein,2
Colorado pinyon,colorado pinyon,Protein,protein,
Common bean,common bean,Protein,protein,
Common carp,common carp,Protein,protein,2
Common cod,common cod,Protein,protein,2
Common dab,common dab,Protein,protein,2
Common halibut,common halibut,Protein,protein,2
Common ling,common ling,Protein,protein,2
Common octopus,common octopus,Protein,protein,2
Common pea,common pea,Protein,protein,
Common tuna,common tuna,Protein,protein,2
Conch,conch,Protein,protein,2
Cowpea,cowpea,Protein,protein,
Crab,crab,Protein,protein,2
Crayfish,crayfish,Protein,protein,2
Cusk,cusk,Protein,protein,2
Cuttlefish,cuttlefish,Protein,protein,2
Dab,dab,Protein,protein,2
Deer,deer,Protein,protein,4
Devilfish,devilfish,Protein,protein,2
Dolphin,dolphin,Protein,protein,2
Dolphin fish,dolphin fish,Protein,protein,2
Domestic goat,domestic goat,Protein,protein,4
Dove,dove,Protein,protein,4
Duck,duck,Protein,protein,4
Dungeness crab,dungeness crab,Protein,protein,2
Eastern oyster,eastern oyster,Protein,protein,2
Eel,eel,Protein,protein,2
Eggs,eggs,Protein,protein,
Elk,elk,Protein,protein,4
Emu,emu,Protein,protein,2
European anchovy,european anchovy,Protein,protein,2
European chestnut,european chestnut,Protein,protein,
European rabbit,european rabbit,Protein,protein,2
Flatfish,flatfish,Protein,protein,2
Florida pompano,florida pompano,Protein,protein,2
Freshwater drum,freshwater drum,Protein,protein,2
Freshwater eel,freshwater eel,Protein,protein,2
Garfish,garfish,Protein,protein,2
Goose,goose,Protein,protein,4
Gram bean,gram bean,Protein,protein,
Grass pea,grass pea,Protein,protein,
Great horned owl,great horned owl,Protein,protein,2
Greater sturgeon,greater sturgeon,Protein,protein,2
Green bean,green bean,Protein,protein,
Green turtle,green turtle,Protein,protein,2
Greenland halibut,greenland halibut,Protein,protein,2
Greylag goose,greylag goose,Protein,protein,2
Grouper,grouper,Protein,protein,2
Guinea hen,guinea hen,Protein,protein,2
Haddock,haddock,Protein,protein,2
Hake,hake,Protein,protein,2
Halibut,halibut,Protein,protein,2
Hazelnut,hazelnut,Protein,protein,
Herring,herring,Protein,protein,2
Hickory nut,hickory nut,Protein,protein,
Horse,horse,Protein,protein,4
Hyacinth bean,hyacinth bean,Protein,protein,
Japanese chestnut,japanese chestnut,Protein,protein,
Japanese walnut,japanese walnut,Protein,protein,
Jellyfish,jellyfish,Protein,protein,2
King mackerel,king mackerel,Protein,protein,2
Kombu,kombu,Protein,protein,2
Lake trout,lake trout,Protein,protein,2
Lamb,lamb,Protein,protein,4
Leather chiton,leather chiton,Protein,protein,2
Lemon sole,lemon sole,Protein,protein,2
Lentils,lentils,Protein,protein,
Lima bean,lima bean,Protein,protein,
Lingcod,lingcod,Protein,protein,2
Lumpsucker,lumpsucker,Protein,protein,2
Lupine,lupine,Protein,protein,
Macadamia nut,macadamia nut,Protein,protein,
Mackerel,mackerel,Protein,protein,2
Mallard duck,mallard duck,Protein,protein,2
Marine mussel,marine mussel,Protein,protein,2
Milkfish,milkfish,Protein,protein,2
Mixed nuts,mixed nuts,Protein,protein,
Monkfish,monkfish,Protein,protein,2
Moose,moose,Protein,protein,4
Moth bean,moth bean,Protein,protein,
Mountain hare,mountain hare,Protein,protein,4
Mule deer,mule deer,Protein,protein,4
Mung bean,mung bean,Protein,protein,
Muskrat,muskrat,Protein,protein,4
Mussel,mussel,Protein,protein,2
Mutton,mutton,Protein,protein,4
Natto,natto,Protein,protein,10
North Pacific giant octopus,north pacific giant octopus,Protein,protein,2
Northern bluefin tuna,northern bluefin tuna,Protein,protein,2
Northern pike,northern pike,Protein,protein,2
Norway haddock,norway haddock,Protein,protein,2
Norway lobster,norway lobster,Protein,protein,2
Norway pout,norway pout,Protein,protein,2
Nuts,nuts,Protein,protein,
Nuttall cockle,nuttall cockle,Protein,protein,2
Ocean pout,ocean pout,Protein,protein,2
Opossum,opossum,Protein,protein,4
Orange roughy,orange roughy,Protein,protein,2
Ostrich,ostrich,Protein,protein,2
Oyster,oyster,Protein,protein,2
Pacific cod,pacific cod,Protein,protein,2
Pacific halibut,pacific halibut,Protein,protein,2
Pacific herring,pacific herring,Protein,protein,2
Pacific jack mackerel,pacific jack mackerel,Protein,protein,2
Pacific ocean perch,pacific ocean perch,Protein,protein,2
Pacific oyster,pacific oyster,Protein,protein,2
Pacific rockfish,pacific rockfish,Protein,protein,2
Pacific salmon,pacific salmon,Protein,protein,2
Pacific sardine,pacific sardine,Protein,protein,2
Painted comber,painted comber,Protein,protein,2
Peanut,peanut,Protein,protein,
Pecan nut,pecan nut,Protein,protein,
Pheasant,pheasant,Protein,protein,2
Pigeon,pigeon,Protein,protein,2
Pigeon pea,pigeon pea,Protein,protein,
Pikeperch,pikeperch,Protein,protein,2
Pili nut,pili nut,Protein,protein,
Pine nut,pine nut,Protein,protein,
Pink salmon,pink salmon,Protein,protein,2
Pistachio,pistachio,Protein,protein,
Plaice,plaice,Protein,protein,2
Polar bear,polar bear,Protein,protein,4
Pollock,pollock,Protein,protein,2
Pork,pork,Protein,protein,4
Porpoise,porpoise,Protein,protein,2
Protein Powder,protein powder,Protein,protein,
Pumpkinseed sunfish,pumpkinseed sunfish,Protein,protein,2
Purple laver,purple laver,Protein,protein,2
Quail,quail,Protein,protein,2
Rabbit,rabbit,Protein,protein,4
Raccoon,raccoon,Protein,protein,4
Rainbow smelt,rainbow smelt,Protein,protein,2
Rainbow trout,rainbow trout,Protein,protein,2
Red algae,red algae,Protein,protein,2
Red king crab,red king crab,Protein,protein,2
Ringed seal,ringed seal,Protein,protein,2
Roe,roe,Protein,protein,2
Sablefish,sablefish,Protein,protein,2
Salmon,salmon,Protein,protein,2
Sardine,sardine,Protein,protein,2
Scallop,scallop,Protein,protein,2
Scarlet bean,scarlet bean,Protein,protein,
Scup,scup,Protein,protein,2
Sea cucumber,sea cucumber,Protein,protein,2
Seatrout,seatrout,Protein,protein,2
Shark,shark,Protein,protein,2
Sheefish,sheefish,Protein,protein,2
Sheepshead,sheepshead,Protein,protein,2
Shrimp,shrimp,Protein,protein,2
Skipjack tuna,skipjack tuna,Protein,protein,2
Smelt,smelt,Protein,protein,2
Snail,snail,Protein,protein,2
Snapper,snapper,Protein,protein,2
Snow crab,snow crab,Protein,protein,2
Sockeye salmon,sockeye salmon,Protein,protein,2
Soy bean,soy bean,Protein,protein,
Soy cream,soy cream,Protein,protein,10
Soy milk,soy milk,Protein,protein,10
Soy yogurt,soy yogurt,Protein,protein,10
Spanish mackerel,spanish mackerel,Protein,protein,2
Spiny dogfish,spiny dogfish,Protein,protein,2
Spiny lobster,spiny lobster,Protein,protein,2
Spot croaker,spot croaker,Protein,protein,2
Spotted seal,spotted seal,Protein,protein,2
Sprat,sprat,Protein,protein,2
Squab,squab,Protein,protein,4
Squid,squid,Protein,protein,2
Squirrel,squirrel,Protein,protein,4
Steller sea lion,steller sea lion,Protein,protein,2
Striped bass,striped bass,Protein,protein,2
Striped mullet,striped mullet,Protein,protein,2
Sturgeon,sturgeon,Protein,protein,2
Swan,swan,Protein,protein,2
Swordfish,swordfish,Protein,protein,2
Tilapia,tilapia,Protein,protein,2
Tilefish,tilefish,Protein,protein,2
Tofu,tofu,Protein,protein,30
Trout,trout,Protein,protein,2
True frog,true frog,Protein,protein,2
True oyster,true oyster,Protein,protein,2
True seal,true seal,Protein,protein,2
True sole,true sole,Protein,protein,2
Tuna,tuna,Protein,protein,2
Tunicate,tunicate,Protein,protein,2
Turbot,turbot,Protein,protein,2
Turkey,turkey,Protein,protein,4
Veal,veal,Protein,protein,4
Velvet duck,velvet duck,Protein,protein,2
Wakame,wakame,Protein,protein,2
Walleye,walleye,Protein,protein,2
Walnut,walnut,Protein,protein,
Walrus,walrus,Protein,protein,2
Whale,whale,Protein,protein,2
Whelk,whelk,Protein,protein,2
White lupine,white lupine,Protein,protein,
White sucker,white sucker,Protein,protein,2
Whitefish,whitefish,Protein,protein,2
Whiting,whiting,Protein,protein,2
Wild boar,wild boar,Protein,protein,4
Winged bean,winged bean,Protein,protein,
Yardlong bean,yardlong bean,Protein,protein,
Yellow wax bean,yellow wax bean,Protein,protein,
Yellowfin tuna,yellowfin tuna,Protein,protein,2
Yellowtail amberjack,yellowtail amberjack,Protein,protein,2
Corn chip,corn chip,Snack,snack,
Cracker,cracker,Snack,snack,
Custard,custard,Snack,snack,
Dulche de Leche,dulche de leche,Snack,snack,
Gelato,gelato,Snack,snack,
Popcorn,popcorn,Snack,snack,
Potato chip,potato chip,Snack,snack,
Rice Pudding,rice pudding,Snack,snack,
Snack bar,snack bar,Snack,snack,
Tortilla chip,tortilla chip,Snack,snack,
Trail mix,trail mix,Snack,snack,
Akutaq,akutaq,Snacks,snack,
Cake,cake,Snacks,snack,
Candy bar,candy bar,Snacks,snack,
Chewing gum,chewing gum,Snacks,snack,
Chocolate mousse,chocolate mousse,Snacks,snack,
Chocolate spread,chocolate spread,Snacks,snack,
Dulce de leche,dulce de leche,Snacks,snack,
Frozen yogurt,frozen yogurt,Snacks,snack,
Fruit gum,fruit gum,Snacks,snack,
Fudge,fudge,Snacks,snack,
Gelatin dessert,gelatin dessert,Snacks,snack,
Ice cream,ice cream,Snacks,snack,
Icing,icing,Snacks,snack,
Junket,junket,Snacks,snack,
Liquorice,liquorice,Snacks,snack,
Marshmallow,marshmallow,Snacks,snack,
Marzipan,marzipan,Snacks,snack,
Meringue,meringue,Snacks,snack,
Milkshake,milkshake,Snacks,snack,
Nougat,nougat,Snacks,snack,
Pastry,pastry,Snacks,snack,
Pie,pie,Snacks,snack,
Pudding,pudding,Snacks,snack,
Sweet custard,sweet custard,Snacks,snack,
Toffee,toffee,Snacks,snack,
Alaska wild rhubarb,alaska wild rhubarb,Vegetable,vegetable,7
Arrowhead,arrowhead,Vegetable,vegetable,90
Arrowroot,arrowroot,Vegetable,vegetable,90
Artichoke,artichoke,Vegetable,vegetable,7
Arugula,arugula,Vegetable,vegetable,7
Asparagus,asparagus,Vegetable,vegetable,10
Avocado,avocado,Vegetable,vegetable,5
Banana Pepper,banana pepper,Vegetable,vegetable,10
Black cabbage,black cabbage,Vegetable,vegetable,10
Black radish,black radish,Vegetable,vegetable,14
Black salsify,black salsify,Vegetable,vegetable,7
Broccoli,broccoli,Vegetable,vegetable,14
Brussel sprouts,brussel sprouts,Vegetable,vegetable,14
Burdock,burdock,Vegetable,vegetable,30
Cabbage,cabbage,Vegetable,vegetable,10
Carrot,carrot,Vegetable,vegetable,21
Cassava,cassava,Vegetable,vegetable,7
Cauliflower,cauliflower,Vegetable,vegetable,14
Cayenne Pepper,cayenne pepper,Vegetable,vegetable,10
Celery,celery,Vegetable,vegetable,30
Chanterelle,chanterelle,Vegetable,vegetable,14
Cherry Pepper,cherry pepper,Vegetable,vegetable,10
Cherry tomato,cherry tomato,Vegetable,vegetable,7
Chicory,chicory,Vegetable,vegetable,5
Chicory leaves,chicory leaves,Vegetable,vegetable,5
Chile Pepper,chile pepper,Vegetable,vegetable,10
Chinese broccoli,chinese broccoli,Vegetable,vegetable,14
Chinese cabbage,chinese cabbage,Vegetable,vegetable,10
Cloud ear fungus,cloud ear fungus,Vegetable,vegetable,
Common beet,common beet,Vegetable,vegetable,10
Corn salad,corn salad,Vegetable,vegetable,14
Daikon radish,daikon radish,Vegetable,vegetable,14
Eggplant,eggplant,Vegetable,vegetable,10
Endive,endive,Vegetable,vegetable,5
Enokitake,enokitake,Vegetable,vegetable,14
Garden onion,garden onion,Vegetable,vegetable,40
Garden rhubarb,garden rhubarb,Vegetable,vegetable,7
Garden tomato,garden tomato,Vegetable,vegetable,7
Ghost Pepper,ghost pepper,Vegetable,vegetable,10
Green bell pepper,green bell pepper,Vegetable,vegetable,14
Habanero Pepper,habanero pepper,Vegetable,vegetable,10
Heart of palm,heart of palm,Vegetable,vegetable,14
Italian sweet red pepper,italian sweet red pepper,Vegetable,vegetable,14
Jalapeno Pepper,jalapeno pepper,Vegetable,vegetable,10
Jerusalem artichoke,jerusalem artichoke,Vegetable,vegetable,7
Jicama,jicama,Vegetable,vegetable,21
Jute,jute,Vegetable,vegetable,14
Kai-lan,kai-lan,Vegetable,vegetable,10
Kale,kale,Vegetable,vegetable,10
Kelp,kelp,Vegetable,vegetable,
Kohlrabi,kohlrabi,Vegetable,vegetable,21
Komatsuna,komatsuna,Vegetable,vegetable,10
Leek,leek,Vegetable,vegetable,40
Lettuce,lettuce,Vegetable,vegetable,10
Maitake,maitake,Vegetable,vegetable,14
Malabar spinach,malabar spinach,Vegetable,vegetable,14
Morel Mushroom,morel mushroom,Vegetable,vegetable,14
Mountain yam,mountain yam,Vegetable,vegetable,7
Mushroom,mushroom,Vegetable,vegetable,14
Mustard spinach,mustard spinach,Vegetable,vegetable,10
Napa cabbage,napa cabbage,Vegetable,vegetable,10
New Zealand spinach,new zealand spinach,Vegetable,vegetable,14
Nopal,nopal,Vegetable,vegetable,14
Okra,okra,Vegetable,vegetable,3
Olive,olive,Vegetable,vegetable,90
Onion,onion,Vegetable,vegetable,40
Orange bell pepper,orange bell pepper,Vegetable,vegetable,14
Oxheart cabbage,oxheart cabbage,Vegetable,vegetable,10
Oyster mushroom,oyster mushroom,Vegetable,vegetable,14
Pak choy,pak choy,Vegetable,vegetable,10
Parsnip,parsnip,Vegetable,vegetable,14
Poblano Pepper,poblano pepper,Vegetable,vegetable,10
Potato,potato,Vegetable,vegetable,90
Radish,radish,Vegetable,vegetable,14
Rapini,rapini,Vegetable,vegetable,5
Red beetroot,red beetroot,Vegetable,vegetable,4
Red bell pepper,red bell pepper,Vegetable,vegetable,14
Romaine lettuce,romaine lettuce,Vegetable,vegetable,14
Salsify,salsify,Vegetable,vegetable,7
Savoy cabbage,savoy cabbage,Vegetable,vegetable,10
Serrano Pepper,serrano pepper,Vegetable,vegetable,10
Shallot,shallot,Vegetable,vegetable,90
Shiitake mushroom,shiitake mushroom,Vegetable,vegetable,14
Spinach,spinach,Vegetable,vegetable,14
Swamp cabbage,swamp cabbage,Vegetable,vegetable,10
Sweet potato,sweet potato,Vegetable,vegetable,90
Swiss chard,swiss chard,Vegetable,vegetable,4
Tabasco Pepper,tabasco pepper,Vegetable,vegetable,10
Taro,taro,Vegetable,vegetable,4
Tronchuda cabbage,tronchuda cabbage,Vegetable,vegetable,10
water chestnut,water chestnut,Vegetable,vegetable,10
White cabbage,white cabbage,Vegetable,vegetable,10
Wild carrot,wild carrot,Vegetable,vegetable,30
Wild leek,wild leek,Vegetable,vegetable,10
Yam,yam,Vegetable,vegetable,7
Yellow bell pepper,yellow bell pepper,Vegetable,vegetable,14